"id","parent_id","breakdown","sign","nkf_account","label","shortcut","beneficiary","provider"
"NKF05",,,,,"Kontenrahmen Neues Kommunales Finanzmanagement","Kontenrahmen NKF",,
"NKF05F","NKF05",,,,"Finanzrechnung","Finanzrechnung",,
"NKF05F1","NKF05F",,"+","6","Einzahlungen","Einzahlungen insgesamt",,
"NKF05F2","NKF05F",,"-","7","Auszahlungen","Auszahlungen insgesamt",,
"NKF05F11","NKF05F1","09","+",,"Einzahlungen aus laufender Verwaltungstätigkeit","Einzahlungen aus laufender Verwaltungstätigkeit",,
"NKF05F12","NKF05F1","23","+","68","Einzahlungen aus Investitionstätigkeiten","Einzahlungen aus Investitionstätigkeiten",,
"NKF05F13","NKF05F1",,"+","69","Einzahlungen aus Finanzierungstätigkeiten","Einzahlungen aus Finanzierungstätigkeiten",,
"NKF05F21","NKF05F2","16","-",,"Auszahlungen aus laufender Verwaltungstätigkeit","Auszahlungen aus laufender Verwaltungstätigkeit",,
"NKF05F22","NKF05F2","30","-",,"Auszahlungen aus Investitionstätigkeit","Auszahlungen aus Investitionstätigkeit",,
"NKF05F23","NKF05F2",,"-",,"Auszahlungen aus Finanzierungstätigkeit","Auszahlungen aus Finanzierungstätigkeit",,
"NKF05F11.60","NKF05F11","01","+","60","Steuern und ähnliche Abgaben","Steuern und ähnliche Abgaben",,
"NKF05F11.61","NKF05F11","02","+","61","Zuwendungen und allgemeine Umlagen","Zuwendungen und allgemeine Umlagen",,
"NKF05F11.62","NKF05F11","03","+","62","Sonstige Transfereinzahlungen","Sonstige Transfereinzahlungen",,
"NKF05F11.63","NKF05F11","04","+","63","Öffentlich-rechtliche Leistungsentgelte","Öffentlich-rechtliche Leistungsentgelte",,
"NKF05F11.64","NKF05F11",,"+","64","Privatrechtliche Leistungsentgelte, Kostenerstattungen und -umlagen","Privatrechtliche Leistungsentgelte, Kostenerstattungen und -umlagen",,
"NKF05F11.65","NKF05F11","07","+","65","Sonstige Einzahlungen aus laufender Verwaltungstätigkeit","Sonstige Einzahlungen",,
"NKF05F11.66","NKF05F11","08","+","66","Zinsen und sonstige Finanzeinzahlungen","Zinsen und sonstige Finanzeinzahlungen",,
"NKF05F12.681","NKF05F12","18","+","681","Investitionszuwendungen","Zuwendungen für Investitionsmaßnahmen",,
"NKF05F12.682","NKF05F12","19","+","682","Einzahlungen aus der Veräußerung von Sachanlagen","Einzahlungen aus der Veräußerung von Sachanlagen",,
"NKF05F12.684","NKF05F12","20","+","684","Einzahlungen aus der Veräußerung von Finanzanlagen","Einzahlungen aus der Veräußerung von Finanzanlagen",,
"NKF05F12.685","NKF05F12","22","+","685","Sonstige Investitionseinzahlungen","Sonstige Investitionseinzahlungen",,
"NKF05F12.6881","NKF05F12","21","+","6881","Einzahlungen aus Beiträge und ähnliche Entgelte","Einzahlungen aus Beiträge u.ä. Entgelte",,
"NKF05F13.69","NKF05F13","33","+",,"Einzahlungen aus der Aufnahme und Rückflüsse von Darlehen","Aufnahme und Rückflüsse von Darlehen",,
"NKF05F13.693","NKF05F13","34","+","693","Einzahlungen aus Krediten zur Liquiditätssicherung","Aufnahme von Krediten zur Liquiditätssicherung",,
"NKF05F21.70","NKF05F21","10","-","70","Personalauszahlungen","Personalauszahlungen",,
"NKF05F21.71","NKF05F21","11","-","71","Versorgungsauszahlungen","Versorgungsauszahlungen",,
"NKF05F21.72","NKF05F21","12","-","72","Auszahlungen für Sach- und Dienstleistungen","Auszahlungen für Sach- und Dienstleistungen",,
"NKF05F21.73","NKF05F21","14","-","73","Transferauszahlungen","Transferauszahlungen",,
"NKF05F21.74","NKF05F21","15","-","74","Sonstige Auszahlungen aus laufender Verwaltungstätigkeit","Sonstige Auszahlungen",,
"NKF05F21.75","NKF05F21","13","-","75","Zinsen und sonstige Finanzauszahlungen","Zinsen und sonstige Finanzauszahlungen",,
"NKF05F22.78","NKF05F22","29","-","78","Sonstige Investitionsauszahlungen","Sonstige Investitionsauszahlungen",,
"NKF05F22.781","NKF05F22","28","-","781","Auszahlungen von aktivierbaren Zuwendungen","Auszahlungen von aktivierbaren Zuwendungen",,
"NKF05F22.7821","NKF05F22","24","-","7821","Auszahlungen für den Erwerb von Grundstücken und Gebäuden","Auszahlungen für den Erwerb von Grundstücken und Gebäuden",,
"NKF05F22.783","NKF05F22","26","-","783","Auszahlungen für den Erwerb von Sachanlagen","Auszahlungen für den Erwerb von beweglichem Anlagevermögen",,
"NKF05F22.784","NKF05F22","27","-","784","Auszahlungen für den Erwerb von Finanzanlagen","Auszahlungen für den Erwerb von Finanzanlagen",,
"NKF05F22.785","NKF05F22","25","-","785","Auszahlungen für Baumaßnahmen","Auszahlungen für Baumaßnahmen",,
"NKF05F23.791","NKF05F23","35","-","791","Auszahlungen für die Tilgung und Gewährung von Darlehen","Tilgung und Gewährung von Darlehen",,
"NKF05F23.793","NKF05F23","36","-","793","Auszahlungen für die Tilgung von Krediten zur Liquiditätssicherung","Auszahlungen für die Tilgung von Krediten zur Liquiditätssicherung",,
"NKF05F11.601","NKF05F11.60",,"+","601","Realsteuern","Realsteuern",,
"NKF05F11.602","NKF05F11.60",,"+","602","Gemeindeanteil an Gemeinschaftssteuern","Gemeindeanteil an Gemeinschaftssteuern",,
"NKF05F11.603","NKF05F11.60",,"+","603","Sonstige Gemeindesteuern","Sonstige Gemeindesteuern",,
"NKF05F11.604","NKF05F11.60",,"+","604","Steuerähnliche Einzahlungen","Steuerähnliche Einzahlungen",,
"NKF05F11.605","NKF05F11.60",,"+","605","Ausgleichsleistungen","Ausgleichsleistungen",,
"NKF05F11.611","NKF05F11.61",,"+","611","Schlüsselzuweisungen","Schlüsselzuweisungen",,
"NKF05F11.612","NKF05F11.61",,"+","612","Bedarfszuweisungen","Bedarfszuweisungen",,
"NKF05F11.613","NKF05F11.61",,"+","613","Sonstige allgemeine Zuweisungen","Sonstige allgemeine Zuweisungen",,
"NKF05F11.614","NKF05F11.61",,"+","614","Zuweisungen und Zuschüsse für laufende Zwecke","Zuweisungen und Zuschüsse für laufende Zwecke",,
"NKF05F11.618","NKF05F11.61",,"+","618","Allgemeine Umlagen","Allgemeine Umlagen",,
"NKF05F11.621","NKF05F11.62",,"+","621","Ersatz von sozialen Leistungen","Ersatz von sozialen Leistungen",,
"NKF05F11.623","NKF05F11.62",,"+","623","Schuldendiensthilfen","Schuldendiensthilfen",,
"NKF05F11.6291","NKF05F11.62",,"+","6291","Andere sonstige Transfereinzahlungen","Andere sonstige Transfereinzahlungen",,
"NKF05F11.631","NKF05F11.63",,"+","631","Verwaltungsgebühren","Verwaltungsgebühren",,
"NKF05F11.632","NKF05F11.63",,"+","632","Benutzungsgebühren und ähnliche Entgelte","Benutzungsgebühren und ähnliche Entgelte",,
"NKF05F11.636","NKF05F11.63",,"+","636","Zweckgebundene Abgaben","Zweckgebundene Abgaben",,
"NKF05F11.641","NKF05F11.64","05","+","641","Privatrechtliche Leistungsentgelte","Privatrechtliche Leistungsentgelte",,
"NKF05F11.648","NKF05F11.64","06","+","648","Einzahlungen aus Kostenerstattungen, Kostenumlagen","Kostenerstattungen, Kostenumlagen",,
"NKF05F11.649","NKF05F11.64",,"+","649","Aufgabenbezogene Leistungsbeteiligungen","Aufgabenbezogene Leistungsbeteiligungen",,
"NKF05F11.651","NKF05F11.65",,"+","651","Sonstige Einzahlungen aus laufender Verwaltungstätigkeit","Sonstige Einzahlungen aus laufender Verwaltungstätigkeit",,
"NKF05F11.661","NKF05F11.66",,"+","661","Zinseinzahlungen","Zinseinzahlungen",,
"NKF05F11.665","NKF05F11.66",,"+","665","Sonstige Finanzeinzahlungen","Sonstige Finanzeinzahlungen",,
"NKF05F13.6919","NKF05F13.69",,"+","6919","Einzahlungen aus der Herausgabe von Anleihen","Einzahlungen aus Anleihen",,
"NKF05F13.692","NKF05F13.69",,"+","692","Einzahlungen aus Krediten für Investitionen","Einzahlungen aus Krediten für Investitionen",,
"NKF05F21.701","NKF05F21.70",,"-","701","Dienstbezüge","Dienstbezüge",,
"NKF05F21.702","NKF05F21.70",,"-","702","Arbeitgeberbeiträge für Beschäftigte","Arbeitgeberbeiträge für Beschäftigte",,
"NKF05F21.7041","NKF05F21.70",,"-","7041","Beihilfen, Unterstützungsleistungen für Beschäftigte","Beihilfen, Unterstützungsleistungen für Aktive",,
"NKF05F21.711","NKF05F21.71",,"-","711","Versorgungsbezüge","Versorgungsbezüge",,
"NKF05F21.712","NKF05F21.71",,"-","712","Arbeitgeberbeiträge für Versorgungsempfänger","Arbeitgeberbeiträge für Versorgungsempfänger",,
"NKF05F21.7141","NKF05F21.71",,"-","7141","Beihilfen, Unterstützungen für Ruheständler","Beihilfen, Unterstützungen für Ruheständler",,
"NKF05F21.721","NKF05F21.72",,"-","721","Instandhaltung, Unterhaltung und Bewirtschaftung des Vermögens","Instandhaltung, Unterhaltung und Bewirtschaftung des Vermögens",,
"NKF05F21.723","NKF05F21.72",,"-","723","Erstattungen für Auszahlungen von Dritten aus laufender Verwaltungstätigkeit","Erstattungen für Auszahlungen von Dritten aus laufender Verwaltungstätigkeit",,
"NKF05F21.7281","NKF05F21.72",,"-","7281","Auszahlungen für sonstige Sachleistungen","Auszahlungen für sonstige Sachleistungen",,
"NKF05F21.7291","NKF05F21.72",,"-","7291","Auszahlungen für sonstige Dienstleistungen","Auszahlungen für sonstige Dienstleistungen",,
"NKF05F21.731","NKF05F21.73",,"-","731","Zuweisungen für laufende Zwecke","Zuweisungen für laufende Zwecke",,
"NKF05F21.732","NKF05F21.73",,"-","732","Schuldendiensthilfen","Schuldendiensthilfen",,
"NKF05F21.733","NKF05F21.73",,"-","733","Sozialtransferauszahlungen","Sozialtransferauszahlungen",,
"NKF05F21.7391","NKF05F21.73",,"-","7391","Sonstige Transferauszahlungen","Sonstige Transferauszahlungen",,
"NKF05F21.741","NKF05F21.74",,"-","741","Geschäftsauszahlungen","Geschäftsauszahlungen",,
"NKF05F21.749","NKF05F21.74",,"-","749","Weitere sonstige Auszahlungen aus laufender Verwaltungstätigkeit","Weitere sonstige Auszahlungen aus laufender Verwaltungstätigkeit",,
"NKF05F21.751","NKF05F21.75",,"-","751","Zinsauszahlungen","Zinsauszahlungen",,
"NKF05F21.759","NKF05F21.75",,"-","759","Sonstige Finanzauszahlungen","Sonstige Finanzauszahlungen",,
"NKF05F22.786","NKF05F22.78",,"-","786","Gewährung von Ausleihungen","Gewährung von Ausleihungen",,
"NKF05F22.7891","NKF05F22.78",,"-","7891","Sonstige Investitionsauszahlungen","Sonstige Investitionsauszahlungen",,
"NKF05F11.6011","NKF05F11.601",,"+","6011","Grundsteuer A","Grundsteuer A",,
"NKF05F11.6012","NKF05F11.601",,"+","6012","Grundsteuer B","Grundsteuer B",,
"NKF05F11.6013","NKF05F11.601",,"+","6013","Gewerbesteuer","Gewerbesteuer",,
"NKF05F11.6021","NKF05F11.602",,"+","6021","Gemeindeanteil an der Einkommensteuer","Gemeindeanteil an der Einkommensteuer",,
"NKF05F11.6022","NKF05F11.602",,"+","6022","Gemeindeanteil an der Umsatzsteuer","Gemeindeanteil an der Umsatzsteuer",,
"NKF05F11.6031","NKF05F11.603",,"+","6031","Vergnügungssteuer","Vergnügungssteuer",,
"NKF05F11.6032","NKF05F11.603",,"+","6032","Hundesteuer","Hundesteuer",,
"NKF05F11.6033","NKF05F11.603",,"+","6033","Jagdsteuer","Jagdsteuer",,
"NKF05F11.6034","NKF05F11.603",,"+","6034","Zweitwohnungssteuer","Zweitwohnungssteuer",,
"NKF05F11.6035","NKF05F11.603",,"+","6035","Kulturförderabgabe/Übernachtungssteuer","Kulturförderabgabe/Übernachtungssteuer",,
"NKF05F11.6036","NKF05F11.603",,"+","6036","Steuer auf sexuelle Vergnügungen","Steuer auf sexuelle Vergnügungen",,
"NKF05F11.6039","NKF05F11.603",,"+","6039","Sonstige örtliche Steuern","Sonstige örtliche Steuern",,
"NKF05F11.6041","NKF05F11.604",,"+","6041","Fremdenverkehrsabgabe","Fremdenverkehrsabgabe",,
"NKF05F11.6042","NKF05F11.604",,"+","6042","Abgaben von Spielbanken","Abgaben von Spielbanken",,
"NKF05F11.6049","NKF05F11.604",,"+","6049","Sonstige steuerähnliche Einzahlungen","Sonstige steuerähnliche Einzahlungen",,
"NKF05F11.6051","NKF05F11.605",,"+","6051","Leistungen nach dem Familienleistungsausgleich","Leistungen nach dem Familienleistungsausgleich",,
"NKF05F11.6052","NKF05F11.605",,"+","6052","Leistungen für die Umsetzung der Grundsicherung für Arbeitssuchende","LZ f. Umsetzung d. Grundsicherung f. Arbeitssuch.",,"Land"
"NKF05F11.6111","NKF05F11.611",,"+","6111","Schlüsselzuweisungen vom Land","Schlüsselzuweisungen vom Land",,"Land"
"NKF05F11.6121","NKF05F11.612",,"+","6121","Bedarfszuweisungen vom Land","Bedarfszuweisungen vom Land",,
"NKF05F11.6122","NKF05F11.612",,"+","6122","Bedarfszuweisungen von Gemeinden (GV)","Bedarfszuweisungen von Gemeinden (GV)",,
"NKF05F11.6130","NKF05F11.613",,"+","6130","Allgemeine Zuweisungen vom Bund","Allgemeine Zuweisungen vom Bund",,"Bund"
"NKF05F11.6131","NKF05F11.613",,"+","6131","Allgemeine Zuweisungen vom Land","Allgemeine Zuweisungen vom Land",,"Land"
"NKF05F11.6140","NKF05F11.614",,"+","6140","Zuweisungen für lfd. Zwecke vom Bund","Zuweisungen lfd. Zwecke v. : Bund",,"Bund"
"NKF05F11.6141","NKF05F11.614",,"+","6141","Zuweisungen für lfd. Zwecke vom Land","Zuweisungen lfd. Zwecke v. : Land",,"Land"
"NKF05F11.6142","NKF05F11.614",,"+","6142","Zuweisungen für lfd. Zwecke von Gemeinden (GV)","Zuweisungen lfd. Zwecke v. : Gemeinden (GV)",,"Gemeinden"
"NKF05F11.6143","NKF05F11.614",,"+","6143","Zuweisungen für lfd. Zwecke von Zweckverbänden und dgl.","Zuweisungen lfd. Zwecke v. : Zweckverb. u. dgl.",,"Zweckverbände"
"NKF05F11.6144","NKF05F11.614",,"+","6144","Zuweisungen für lfd. Zwecke von gesetzlichen Sozialversicherungen","Zuweisungen lfd. Zwecke v. : gesetzl. SV",,"gesetzlichen Sozialversicherungen"
"NKF05F11.6145","NKF05F11.614",,"+","6145","Zuschüsse für lfd. Zwecke von verbundenen Unternehmen","Zuschüsse lfd. Zwecke v.: verb. Untern.",,"verbundene Unternehmen"
"NKF05F11.6146","NKF05F11.614",,"+","6146","Zuschüsse für lfd. Zwecke von sonst. öffentl. Sonderrechnungen","Zuschüsse lfd. Zwecke v.: sonst. öfftl. Sonderr.",,"sonstiger öffentlicher Bereich"
"NKF05F11.6147","NKF05F11.614",,"+","6147","Zuschüsse für lfd. Zwecke von privaten Unternehmen","Zuschüsse lfd. Zwecke v.: priv. Untern.",,"private Unternehmen"
"NKF05F11.6148","NKF05F11.614",,"+","6148","Zuschüsse für lfd. Zwecke von übrigen Bereichen","Zuschüsse lfd. Zwecke v.: übrige Bereiche",,"übriger Bereich"
"NKF05F11.6181","NKF05F11.618",,"+","6181","Allgemeine Umlagen vom Land (Erstattung aus der Einheitslastenabrechnung)","Erstattung aus der Einheitslastenabrechnung",,
"NKF05F11.6182","NKF05F11.618",,"+","6182","Allgemeine Umlagen von Gemeinden (GV)","Allgemeine Umlagen von Gemeinden (GV)",,"Gemeinden"
"NKF05F11.6184","NKF05F11.618",,"+","6184","Kreisumlage allgemein","Kreisumlage allgemein",,
"NKF05F11.6185","NKF05F11.618",,"+","6185","Kreisunlage, Mehrbelastung Jungendamt","Kreisunlage, Mehrbelastung Jungendamt",,
"NKF05F11.6186","NKF05F11.618",,"+","6186","Kreisumlage, andere Mehrbelastung","Kreisumlage, andere Mehrbelastung",,
"NKF05F11.6187","NKF05F11.618",,"+","6187","Landschaftsumlage","Landschaftsumlage",,
"NKF05F11.6188","NKF05F11.618",,"+","6188","Verbandsumlage RVR","Verbandsumlage RVR",,
"NKF05F11.6189","NKF05F11.618",,"+","6189","Zweckverbandsumlage","Zweckverbandsumlage",,
"NKF05F11.6211","NKF05F11.621",,"+","6211","Ersatz sozialer Leistungen außerhalb von Einrichtungen","Ersatz sozialer Leistungen außerhalb von Einricht.",,
"NKF05F11.6221","NKF05F11.621",,"+","6221","Ersatz sozialer Leistungen in Einrichtungen","Ersatz sozialer Leistungen in Einrichtungen",,
"NKF05F11.6230","NKF05F11.623",,"+","6230","Schuldendiensthilfen vom Bund","Schuldendiensth. v.: Bund",,"Bund"
"NKF05F11.6231","NKF05F11.623",,"+","6231","Schuldendiensthilfen vom Land","Schuldendiensth. v.: Land",,"Land"
"NKF05F11.6232","NKF05F11.623",,"+","6232","Schuldendiensthilfen von Gemeinden (GV)","Schuldendiensth. v.: Gemeinden (GV)",,"Gemeinden"
"NKF05F11.6233","NKF05F11.623",,"+","6233","Schuldendiensthilfen von Zweckverbänden und dgl.","Schuldendiensth. v.: Zweckverb. u. dgl.",,"Zweckverbände"
"NKF05F11.6234","NKF05F11.623",,"+","6234","Schuldendiensthilfen von gesetzlichen Sozialversicherungen","Schuldendiensth. v.: gesetzl. SV",,"gesetzlichen Sozialversicherungen"
"NKF05F11.6235","NKF05F11.623",,"+","6235","Schuldendiensthilfen von verbundenen Unternehmen","Schuldendiensth. v.: verb. Untern.",,"verbundene Unternehmen"
"NKF05F11.6236","NKF05F11.623",,"+","6236","Schuldendiensthilfen von sonstigen öffentlichen Sonderrechnungen","Schuldendiensth. v.: sonst. öfftl. Sonderrechn.",,"sonstiger öffentlicher Bereich"
"NKF05F11.6237","NKF05F11.623",,"+","6237","Schuldendiensthilfen von privaten Unternehmen","Schuldendiensth. v.: priv. Untern.",,"private Unternehmen"
"NKF05F11.6238","NKF05F11.623",,"+","6238","Schuldendiensthilfen von übrigen Bereichen","Schuldendiensth. v.: übrige Bereiche",,"übriger Bereich"
"NKF05F11.6311","NKF05F11.631",,"+","6311","Verwaltungsgebühren","Verwaltungsgebühren",,
"NKF05F11.6321","NKF05F11.632",,"+","6321","Benutzungsgebühren und ähnliche Entgelte","Benutzungsgebühren und ähnliche Entgelte",,
"NKF05F11.6361","NKF05F11.636",,"+","6361","Zweckgebundene Abgaben","Zweckgebundene Abgaben",,
"NKF05F11.6411","NKF05F11.641",,"+","6411","Mieten und Pachten","Mieten und Pachten",,
"NKF05F11.6421","NKF05F11.641",,"+","6421","Einzahlungen aus Verkauf","Einzahlungen aus Verkauf",,
"NKF05F11.6461","NKF05F11.641",,"+","6461","Sonstige privatrechtliche Leistungsentgelte","Sonstige privatrechtliche Leistungsentgelte",,
"NKF05F11.6480","NKF05F11.648",,"+","6480","Kostenerstattungen, -umlagen vom Bund","Kostenerst., -umlagen: Bund",,"Bund"
"NKF05F11.6481","NKF05F11.648",,"+","6481","Kostenerstattungen, -umlagen vom Land","Kostenerst., -umlagen: Land",,"Land"
"NKF05F11.6482","NKF05F11.648",,"+","6482","Kostenerstattungen, -umlagen von Gemeinden (GV)","Kostenerst., -umlagen: Gemeinden (GV)",,"Gemeinden"
"NKF05F11.6483","NKF05F11.648",,"+","6483","Kostenerstattungen, -umlagen von Zweckverbänden und dgl.","Kostenerst.,-umlagen: Zweckverb. u. dgl.",,"Zweckverbände"
"NKF05F11.6484","NKF05F11.648",,"+","6484","Kostenerstattungen, -umlagen von gesetzlichen Sozialversicherungen","Kostenerst.,-umlagen: gesetzl.SV",,"gesetzlichen Sozialversicherungen"
"NKF05F11.6485","NKF05F11.648",,"+","6485","Kostenerstattungen, -umlagen von verbundenen Unternehmen","Kostenerst.,-umlagen: verb. Untern.",,"verbundene Unternehmen"
"NKF05F11.6486","NKF05F11.648",,"+","6486","Kostenerstattungen, -umlagen von sonstigen öffentlichen Sonderrechnungen","Kostenerst.,-umlagen: sonst.öfftl.Sonderrech.",,"sonstiger öffentlicher Bereich"
"NKF05F11.6487","NKF05F11.648",,"+","6487","Kostenerstattungen, -umlagen von privaten Unternehmen","Kostenerst.,-umlagen: priv. Untern.",,"private Unternehmen"
"NKF05F11.6488","NKF05F11.648",,"+","6488","Kostenerstattungen, -umlagen von übrigen Bereichen","Kostenerst., -umlagen: übrige Bereiche",,"übriger Bereich"
"NKF05F11.6491","NKF05F11.649",,"+","6491","Leistungsbeteiligungen bei Leistungen für Unterkunft/Heizung","Leistungen für Unterkunft / Heizung, Leistungsb.",,
"NKF05F11.6492","NKF05F11.649",,"+","6492","Leistungsbeteiligungen beim Arbeitslosengeld II","Arbeitslosengeld II, Leistungsb.",,
"NKF05F11.6493","NKF05F11.649",,"+","6493","Leistungsbeteiligungen bei der Eingliederung II","Eingliederung II Arbeitssuch., Leistungsb.",,
"NKF05F11.6496","NKF05F11.649",,"+","6496","Leistungsbeteiligung bei der Grundsicherung im Alter","Leistungsbeteiligung bei der Grundsicherung im Alter",,
"NKF05F11.6511","NKF05F11.651",,"+","6511","Konzessionsabgaben","Konzessionsabgaben",,
"NKF05F11.6521","NKF05F11.651",,"+","6521","Einzahlungen aus Vorsteuerüberhang","Einzahlungen aus Steuern",,
"NKF05F11.6561","NKF05F11.651",,"+","6561","Bußgelder","Bußgelder",,
"NKF05F11.6562","NKF05F11.651",,"+","6562","Säumniszuschläge","Säumniszuschläge",,
"NKF05F11.6563","NKF05F11.651",,"+","6563","Einzahlungen aus der Inanspruchnahmen von Gewährverträge/Bürgschaften","Einz. a. Inanspruchn. Gewährverträge/Bürgschaften",,
"NKF05F11.6591","NKF05F11.651",,"+","6591","Sonstige Einzahlungen aus lfd. Verwaltungstätigkeit","Sonst. Einzahlungen aus lfd. Verwaltungstätigkeit",,
"NKF05F11.6610","NKF05F11.661",,"+","6610","Zinseinzahlungen vom Bund","Zinseinzahlungen: Bund",,"Bund"
"NKF05F11.6611","NKF05F11.661",,"+","6611","Zinseinzahlungen vom Land","Zinseinzahlungen: Land",,"Land"
"NKF05F11.6612","NKF05F11.661",,"+","6612","Zinseinzahlungen von Gemeinden (GV)","Zinseinzahlungen: Gemeinden (GV)",,"Gemeinden"
"NKF05F11.6613","NKF05F11.661",,"+","6613","Zinseinzahlungen von Zweckverbänden und dgl.","Zinseinzahlungen: Zweckverb. u. dgl.",,"Zweckverbände"
"NKF05F11.6614","NKF05F11.661",,"+","6614","Zinseinzahlungen von gesetzlichen Sozialversicherungen","Zinseinzahlungen: gesetzl. SV",,"gesetzlichen Sozialversicherungen"
"NKF05F11.6615","NKF05F11.661",,"+","6615","Zinseinzahlungen von verbundenen Unternehmen","Zinseinzahlungen: verb. Untern.",,"verbundene Unternehmen"
"NKF05F11.6616","NKF05F11.661",,"+","6616","Zinseinzahlungen von sonstigen öffentlichen Sonderrechnungen","Zinseinzahlungen: sonst. öfftl. Sonderrech.",,"sonstiger öffentlicher Bereich"
"NKF05F11.6617","NKF05F11.661",,"+","6617","Zinseinzahlungen von Kreditinstituten","Zinseinzahlungen: Kreditinstitute",,"Kreditinstitute"
"NKF05F11.6618","NKF05F11.661",,"+","6618","Zinseinzahlungen vom sonstigen inländischen Bereich","Zinseinzahlungen: sonst. inländ. Bereich",,"sonst. Inländischer Bereich"
"NKF05F11.6619","NKF05F11.661",,"+","6619","Zinseinzahlungen vom sonstigen ausländischen Bereich","Zinseinzahlungen: sonst. ausl. Bereich.",,"sonst. ausländischer Bereich"
"NKF05F11.6651","NKF05F11.665",,"+","6651","Gewinnanteile von verbundenen Unternehmen und aus Beteiligungen","Gewinnanteile von verb. Untern. / Beteil.",,"verbundene Unternehmen"
"NKF05F11.6691","NKF05F11.665",,"+","6691","Sonstige Finanzeinzahlungen","Sonstige Finanzeinzahlungen",,
"NKF05F12.6810","NKF05F12.681",,"+","6810","Investitionszuwendungen vom Bund","Investitionszuwend.: Bund",,"Bund"
"NKF05F12.6811","NKF05F12.681",,"+","6811","Investitionszuwendungen vom Land","Investitionszuwend.: Land",,"Land"
"NKF05F12.6812","NKF05F12.681",,"+","6812","Investitionszuwendungen von Gemeinden (GV)","Investitionszuwend.: Gemeinden (GV)",,"Gemeinden"
"NKF05F12.6813","NKF05F12.681",,"+","6813","Investitionszuwendungen von Zweckverbänden und dgl.","Investitionszuwend.: Zweckverb. u. dgl.",,"Zweckverbände"
"NKF05F12.6814","NKF05F12.681",,"+","6814","Investitionszuwendungen von gesetzlichen Sozialversicherungen","Investitionszuwend.: gesetzl. SV",,"gesetzlichen Sozialversicherungen"
"NKF05F12.6815","NKF05F12.681",,"+","6815","Investitionszuwendungen von verbundenen Unternehmen","Investitionszuwend.: verb. Untern.",,"verbundene Unternehmen"
"NKF05F12.6816","NKF05F12.681",,"+","6816","Investitionszuwendungen von sonstigen öffentlichen Sonderrechnungen","Investitionszuwend.: sonst. öfftl. Sonderrech.",,"sonstiger öffentlicher Bereich"
"NKF05F12.6817","NKF05F12.681",,"+","6817","Investitionszuwendungen von privaten Unternehmen","Investitionszuwend.: priv. Untern.",,"private Unternehmen"
"NKF05F12.6818","NKF05F12.681",,"+","6818","Investitionszuwendungen von übrigen Bereichen","Investitionszuwend.: übrige Bereiche",,"übriger Bereich"
"NKF05F12.6821","NKF05F12.682",,"+","6821","Einzahlungen aus der Veräußerung von Grundstücken/Gebäuden","Veräußerung von Grundstücken/Gebäuden",,
"NKF05F12.6831","NKF05F12.682",,"+","6831","Einzahlungen aus der Veräußerung von beweglichen Vermögensgegenständen","Veräußerung von beweglichen Vermögensgegenständen",,
"NKF05F12.6832","NKF05F12.682",,"+","6832","Einzahlungen aus der Veräußerung von immateriellen Vermögensgegenständen","Einz. a.d. Veräuß. v. immat. Vermögensgegenständen",,
"NKF05F12.6841","NKF05F12.684",,"+","6841","Einzahlungen aus der Veräußerung von börsennotierten Aktien","Veräußerung von börsennotierten Aktien",,
"NKF05F12.6842","NKF05F12.684",,"+","6842","Einzahlungen aus der Veräußerung von nichtbörsennotierten Aktien","Veräußerung von nichtbörsennotierten Aktien",,
"NKF05F12.6843","NKF05F12.684",,"+","6843","Einzahlungen aus der Veräußerung von sonstigen Anteilsrechten","Veräußerung von sonstigen Anteilsrechten",,
"NKF05F12.6844","NKF05F12.684",,"+","6844","Einzahlungen aus der Veräußerung von Investmentzertifikaten","Veräußerung von Investmentzertifikaten",,
"NKF05F12.6845","NKF05F12.684",,"+","6845","Einzahlungen aus der Veräußerung von Kapitalmarktpapieren","Veräußerung von Kapitalmarktpapieren",,
"NKF05F12.6846","NKF05F12.684",,"+","6846","Einzahlungen aus der Veräußerung von Geldmarktpapieren","Veräußerung von Geldmarktpapieren",,
"NKF05F12.6847","NKF05F12.684",,"+","6847","Einzahlungen aus der Veräußerung von Finanzderivaten","Veräußerung von Finanzderivaten",,
"NKF05F12.6848","NKF05F12.684",,"+","6848","Einzahlungen aus der Veräußerung von sonstigen Finanzanlagen","Veräußerung von sonstigen Finanzanlagen",,
"NKF05F12.6851","NKF05F12.685",,"+","6851","Abwicklung von Baumaßnahmen","Abwicklung von Baumaßnahmen",,
"NKF05F12.686","NKF05F12.685",,"+","686","Rückflüsse von Ausleihungen","Rückflüsse von Ausleihungen",,
"NKF05F12.6891","NKF05F12.685",,"+","6891","Sonstige Investitionseinzahlungen","Sonstige Investitionseinzahlungen",,
"NKF05F12.6860","NKF05F12.686",,"+","6860","Rückflüsse von Ausleihungen vom Bund","Rückfl. v. Ausleih.: Bund",,"Bund"
"NKF05F12.6861","NKF05F12.686",,"+","6861","Rückflüsse von Ausleihungen vom Land","Rückfl. v. Ausleih.: Land",,"Land"
"NKF05F12.6862","NKF05F12.686",,"+","6862","Rückflüsse von Ausleihungen von Gemeinden (GV)","Rückfl. v. Ausleih.: Gemeinden (GV)",,"Gemeinden"
"NKF05F12.6863","NKF05F12.686",,"+","6863","Rückflüsse von Ausleihungen von Zweckverbänden und dgl.","Rückfl. v. Ausleih.: Zweckverb. u. dgl.",,"Zweckverbände"
"NKF05F12.6864","NKF05F12.686",,"+","6864","Rückflüsse von Ausleihungen von gesetzlichen Sozialversicherungen","Rückfl. v. Ausleih.: gesetzl. SV",,"gesetzlichen Sozialversicherungen"
"NKF05F12.6865","NKF05F12.686",,"+","6865","Rückflüsse von Ausleihungen von verbundenen Unternehmen","Rückfl. v. Ausleih.: verb. Untern.",,"verbundene Unternehmen"
"NKF05F12.6866","NKF05F12.686",,"+","6866","Rückflüsse von Ausleihungen von sonstigen öffentlichen Sonderrechnungen","Rückfl. v. Ausleih.: sonst. öfftl. Sonderrech.",,"sonstiger öffentlicher Bereich"
"NKF05F12.6867","NKF05F12.686",,"+","6867","Rückflüsse von Ausleihungen von Kreditinstituten","Rückfl. v. Ausleih.: Kreditinstitute",,"Kreditinstitute"
"NKF05F12.6868","NKF05F12.686",,"+","6868","Rückflüsse von Ausleihungen vom sonstigen inländischen Bereich","Rückfl. v. Ausleih.: sonst. inl. Bereich",,"sonst. Inländischer Bereich"
"NKF05F12.6869","NKF05F12.686",,"+","6869","Rückflüsse von Ausleihungen vom sonstigen ausländischen Bereich","Rückfl. v. Ausleih.: sonst. ausl. Bereich",,"sonst. ausländischer Bereich"
"NKF05F13.6920","NKF05F13.692",,"+","6920","Kreditaufnahmen für Investitionen beim Bund","Kreditaufn. f. Invest: Bund",,
"NKF05F13.6921","NKF05F13.692",,"+","6921","Kreditaufnahmen für Investitionen beim Land","Kreditaufn. f. Invest.: Land",,
"NKF05F13.6922","NKF05F13.692",,"+","6922","Kreditaufnahmen für Investitionen bei Gemeinden (GV)","Kreditaufn. f. Invest.: Gemeinden (GV)",,
"NKF05F13.6923","NKF05F13.692",,"+","6923","Kreditaufnahmen für Investitionen bei Zweckverbänden und dgl.","Kreditaufn. f. Invest.: Zweckverb. u. dgl.",,
"NKF05F13.6924","NKF05F13.692",,"+","6924","Kreditaufnahmen für Investitionen bei gesetzlichen Sozialversicherungen","Kreditaufn. f. Invest.: gesetzl. SV",,
"NKF05F13.6925","NKF05F13.692",,"+","6925","Kreditaufnahmen für Investitionen bei verbundenen Unternehmen","Kreditaufn. f. Invest.: verb. Untern.",,
"NKF05F13.6926","NKF05F13.692",,"+","6926","Kreditaufnahmen für Investitionen bei sonstigen öffentlichen Sonderrechnungen","Kreditaufn. f. Invest.: sonst. öfftl. Sonderrech.",,
"NKF05F13.6927","NKF05F13.692",,"+","6927","Kreditaufnahmen für Investitionen bei Kreditinstituten","Kreditaufn. f. Invest.: Kreditinstitute",,
"NKF05F13.6928","NKF05F13.692",,"+","6928","Kreditaufnahmen für Investitionen beim sonstigen inländischen Bereich","Kreditaufn. f. Invest.: sonst. inl. Bereich",,
"NKF05F13.6929","NKF05F13.692",,"+","6929","Kreditaufnahmen für Investitionen beim sonstigen ausländischen Bereich","Kreditaufn. f. Invest.: sonst. ausl. Bereich",,
"NKF05F13.695","NKF05F13.692",,"+","695","Einzahlungen aus Rückflüssen von Darlehen (ohne Ausleihungen)","Einzahlungen aus Rückflüssen von Darlehen (ohne Ausleihungen)",,
"NKF05F13.6930","NKF05F13.693",,"+","6930","Kreditaufnahmen zur Liquiditätssicherung beim Bund","Aufnahme Kassenkredite: Bund",,"Bund"
"NKF05F13.6931","NKF05F13.693",,"+","6931","Kreditaufnahmen zur Liquiditätssicherung beim Land","Aufnahme Kassenkredite: Land",,"Land"
"NKF05F13.6932","NKF05F13.693",,"+","6932","Kreditaufnahmen zur Liquiditätssicherung bei Gemeinden (GV)","Aufnahme Kassenkredite: Gemeinden (GV)",,"Gemeinden"
"NKF05F13.6933","NKF05F13.693",,"+","6933","Kreditaufnahmen zur Liquiditätssicherung bei Zweckverbänden und dgl.","Aufnahme Kassenkredite: Zweckverbände u. dgl.",,"Zweckverbände"
"NKF05F13.6934","NKF05F13.693",,"+","6934","Kreditaufnahmen zur Liquiditätssicherung bei gesetzlichen Sozialversicherungen","Aufnahme Kassenkredite : gesetzl. SV",,"gesetzlichen Sozialversicherungen"
"NKF05F13.6935","NKF05F13.693",,"+","6935","Kreditaufnahmen zur Liquiditätssicherung bei verbundenen Unternehmen","Aufnahme Kassenkredite: verb. Untern.",,"verbundene Unternehmen"
"NKF05F13.6936","NKF05F13.693",,"+","6936","Kreditaufnahmen zur Liquiditätssicherung bei sonst. öffentl. Sonderrechnungen","Aufnahme Kassenkredite: sonst. öfftl. Sonderrech.",,"sonstiger öffentlicher Bereich"
"NKF05F13.6937","NKF05F13.693",,"+","6937","Kreditaufnahmen zur Liquiditätssicherung bei Kreditinstituten","Aufnahme Kassenkredite: Kreditinstitute",,"Kreditinstitute"
"NKF05F13.6938","NKF05F13.693",,"+","6938","Kreditaufnahmen zur Liquiditätssicherung beim sonstigen inländischen Bereich","Aufnahme Kassenkredite: sonst. inl. Bereich",,"sonst. Inländischer Bereich"
"NKF05F13.6939","NKF05F13.693",,"+","6939","Kreditaufnahmen zur Liquiditätssicherung beim sonstigen ausländischen Bereich","Aufnahme Kassenkredite: sonst. ausl. Bereich",,"sonst. ausländischer Bereich"
"NKF05F13.6949","NKF05F13.693",,"+","6949","Einzahlungen aus sonstiger Wertpapierverschuldung","Einzahlungen aus sonstiger Wertpapierverschuldung",,
"NKF05F13.6950","NKF05F13.695",,"+","6950","Rückflüsse von Darlehen (ohne Ausleihungen) vom Bund","Rückfl. v. Darl. (ohne Ausl.): Bund",,"Bund"
"NKF05F13.6951","NKF05F13.695",,"+","6951","Rückflüsse von Darlehen (ohne Ausleihungen) vom Land","Rückfl. v. Darl. (ohne Ausl.): Land",,"Land"
"NKF05F13.6952","NKF05F13.695",,"+","6952","Rückflüsse von Darlehen (ohne Ausleihungen) von Gemeinden (GV)","Rückfl. v. Darl. (ohne Ausl.): Gemeinden (GV)",,"Gemeinden"
"NKF05F13.6953","NKF05F13.695",,"+","6953","Rückflüsse von Darlehen (ohne Ausleihungen) von Zweckverbänden und dgl.","Rückfl. v. Darl. (ohne Ausl.): Zweckverb. u. dgl.",,"Zweckverbände"
"NKF05F13.6954","NKF05F13.695",,"+","6954","Rückflüsse von Darlehen (ohne Ausleihungen) von gesetzlichen Sozialversicherungen","Rückfl. v. Darl. (ohne Ausl.): gesetzl. SV",,"gesetzlichen Sozialversicherungen"
"NKF05F13.6955","NKF05F13.695",,"+","6955","Rückflüsse von Darlehen (ohne Ausleihungen) von verbundenen Unternehmen","Rückfl. v. Darl. (ohne Ausl.): verb. Untern.",,"verbundene Unternehmen"
"NKF05F13.6956","NKF05F13.695",,"+","6956","Rückflüsse von Darlehen (ohne Ausleihungen) von sonst. öffentl. Sonderrechnungen","Rückfl. v. Darl.(ohne Ausl.): sonst. öfftl.Sonderr.",,"sonstiger öffentlicher Bereich"
"NKF05F13.6957","NKF05F13.695",,"+","6957","Rückflüsse von Darlehen (ohne Ausleihungen) von Kreditinstituten","Rückfl. v. Darl. (ohne Ausl.): Kreditinstitute",,"Kreditinstitute"
"NKF05F13.6958","NKF05F13.695",,"+","6958","Rückflüsse von Darlehen (ohne Ausleihungen) vom sonstigen inländischen Bereich","Rückfl. v. Darl. (ohne Ausl.): sonst. inl. Bereich",,"sonst. Inländischer Bereich"
"NKF05F13.6959","NKF05F13.695",,"+","6959","Rückflüsse von Darlehen (ohne Ausleihungen) vom sonstigen ausländischen Bereich","Rückfl. v. Darl. (ohne Ausl.): sonst. ausl. Bereich",,"sonst. ausländischer Bereich"
"NKF05F21.7011","NKF05F21.701",,"-","7011","Dienstbezüge Beamte","Dienstbezüge Beamte",,
"NKF05F21.7012","NKF05F21.701",,"-","7012","Dienstbezüge tariflich Beschäftigte","Dienstbezüge tariflich Beschäftigte",,
"NKF05F21.7019","NKF05F21.701",,"-","7019","Dienstbezüge sonstige Beschäftigte","Dienstbezüge sonstige Beschäftigte",,
"NKF05F21.7022","NKF05F21.702",,"-","7022","Versorgungskassenbeiträge für aktive Tarifbeschäftigte","Versorgungskassenbeiträge für aktive Tarifbeschäftigte",,
"NKF05F21.7029","NKF05F21.702",,"-","7029","Versorgungskassenbeiträge für sonstige Beschäftigte","Versorgungskassenbeiträge für sonstige Beschäftigte",,
"NKF05F21.7031","NKF05F21.702",,"-","7031","Sozialversicherungsbeiträge für aktive Beamte","Sozialversicherungsbeiträge für aktive Beamte",,
"NKF05F21.7032","NKF05F21.702",,"-","7032","Sozialversicherungsbeiträge für tariflich Beschäftigte","Sozialversicherungsbeiträge für tariflich Beschäftigte",,
"NKF05F21.7039","NKF05F21.702",,"-","7039","Sozialversicherungsbeiträge für sonstige Beschäftigte","Sozialversicherungsbeiträge für sonstige Beschäftigte",,
"NKF05F21.7111","NKF05F21.711",,"-","7111","Versorgungsbezüge für Beamte","Versorgungsbezüge für Beamte",,
"NKF05F21.7112","NKF05F21.711",,"-","7112","Versorgungsbezüge für tariflich Beschäftigte","Versorgungsbezüge für tariflich Beschäftigte",,
"NKF05F21.7119","NKF05F21.711",,"-","7119","Versorgungsbezüge für sonstige Beschäftigte","Versorgungsbezüge für sonstige Beschäftigte",,
"NKF05F21.7121","NKF05F21.712",,"-","7121","Versorgungskassenbeiträge für Ruheständler / Beamte","Versorgungskassenbeiträge für Ruheständler / Beamte",,
"NKF05F21.7131","NKF05F21.712",,"-","7131","Sozialversicherungsbeiträge für Ruheständler / Beamte","Sozialversicherungsbeiträge für Ruheständler / Beamte",,
"NKF05F21.7132","NKF05F21.712",,"-","7132","Sozialversicherungsbeiträge für Ruheständler / tariflich Beschäftigte","Sozialversicherungsbeiträge für Ruheständler / tariflich Beschäftigte",,
"NKF05F21.7139","NKF05F21.712",,"-","7139","Sozialversicherungsbeiträge für Ruheständler / sonstige Beschäftigte","Sozialversicherungsbeiträge für Ruheständler / sonstige Beschäftigte",,
"NKF05F21.7211","NKF05F21.721",,"-","7211","Unterhaltung der Grundstücke und baulichen Anlagen","Unterhaltung der Grundstücke und baulichen Anlagen",,
"NKF05F21.7215","NKF05F21.721",,"-","7215","Instandhaltung der Grundstücke und baulichen Anlagen","Instandhalt. d. Grundstücke u. baul. Anlagen",,
"NKF05F21.7216","NKF05F21.721",,"-","7216","Instandhaltung des Infrastrukturvermögens","Instandhaltung des Infrastrukturvermögens",,
"NKF05F21.7221","NKF05F21.722",,"-","7221","Unterhaltung des sonstigen unbeweglichen Vermögens","Unterhaltung des sonstigen unbeweglichen Vermögens",,
"NKF05F21.7230","NKF05F21.723",,"-","7230","Erstattungen an den Bund","Erstattungen an: Bund","Bund",
"NKF05F21.7231","NKF05F21.723",,"-","7231","Erstattungen an das Land","Erstattungen an: Land","Land",
"NKF05F21.7232","NKF05F21.723",,"-","7232","Erstattungen an Gemeinden (GV)","Erstattungen an: Gemeinden (GV)","Gemeinden",
"NKF05F21.7233","NKF05F21.723",,"-","7233","Erstattungen an Zweckverbände und dgl.","Erstattungen an: Zweckverb. u. dgl.","Zweckverbände",
"NKF05F21.7234","NKF05F21.723",,"-","7234","Erstattungen an gesetzliche Sozialversicherungen","Erstattungen an: gesetzl. SV","gesetzlichen Sozialversicherungen",
"NKF05F21.7235","NKF05F21.723",,"-","7235","Erstattungen an verbundene Unternehmen","Erstattungen an: verb. Untern.","verbundene Unternehmen",
"NKF05F21.7236","NKF05F21.723",,"-","7236","Erstattungen an sonstige öffentliche Sonderrechnungen","Erstattungen an: sonst. öfftl. Sonderrech.","sonstiger öffentlicher Bereich",
"NKF05F21.7237","NKF05F21.723",,"-","7237","Erstattungen an private Unternehmen","Erstattungen an: priv. Untern.","private Unternehmen",
"NKF05F21.7238","NKF05F21.723",,"-","7238","Erstattungen an übrige Bereiche","Erstattungen an: übrige Bereiche","übriger Bereich",
"NKF05F21.7241","NKF05F21.723",,"-","7241","Unterhaltung und Bewirtschaftung der Grundstücke und baulichen Anlagen","Unterh./Bewirtschaft.:Grundstücke / baul. Anl.",,
"NKF05F21.7242","NKF05F21.723",,"-","7242","Unterhaltung und Bewirtschaftung des Infrastrukturvermögens","Unterh./Bewirtschaft.: Infrastrukturverm.",,
"NKF05F21.7251","NKF05F21.723",,"-","7251","Haltung von Fahrzeugen","Haltung von Fahrzeugen",,
"NKF05F21.7255","NKF05F21.723",,"-","7255","Unterhaltung des sonstigen beweglichen Vermögens","Unterhaltung des sonstigen beweglichen Vermögens",,
"NKF05F21.7271","NKF05F21.723",,"-","7271","Lernmittel","Lernmittel",,
"NKF05F21.7310","NKF05F21.731",,"-","7310","Zuweisungen für laufende Zwecke an den Bund","Zuweisungen für laufende Zwecke an den Bund","Bund",
"NKF05F21.7311","NKF05F21.731",,"-","7311","Zuweisungen für laufende Zwecke an das Land","Zuweisungen für laufende Zwecke an das Land","Land",
"NKF05F21.7312","NKF05F21.731",,"-","7312","Zuweisungen für laufende Zwecke an Gemeinden (GV)","Zuweisungen für laufende Zwecke an Gemeinden (GV)","Gemeinden",
"NKF05F21.7313","NKF05F21.731",,"-","7313","Zuweisungen für laufende Zwecke an Zweckverbände und dgl.","Zuweisungen f. lfd. Zwecke an: Zweckverb. u. dgl.","Zweckverbände",
"NKF05F21.7314","NKF05F21.731",,"-","7314","Zuweisungen für laufende Zwecke an gesetzliche Sozialversicherungen","Zuweisungen f. lfd. Zwecke an: gesetzl. SV","gesetzlichen Sozialversicherungen",
"NKF05F21.7315","NKF05F21.731",,"-","7315","Zuschüsse für laufende Zwecke an verbundene Unternehmen","Zuweisungen f. lfd. Zwecke an: verb. Untern.","verbundene Unternehmen",
"NKF05F21.7316","NKF05F21.731",,"-","7316","Zuschüsse für laufende Zwecke an sonstige öffentliche Sonderrechnungen","Zuweisungen f. lfd. Zwecke: sonst. öfftl. Sonderr.","sonstiger öffentlicher Bereich",
"NKF05F21.7317","NKF05F21.731",,"-","7317","Zuschüsse für laufende Zwecke an private Unternehmen","Zuweisungen f. lfd. Zwecke an: priv. Untern.","private Unternehmen",
"NKF05F21.7318","NKF05F21.731",,"-","7318","Zuschüsse für laufende Zwecke an übrige Bereiche","Zuweisungen für laufende Zwecke an übrige Bereiche","übriger Bereich",
"NKF05F21.7320","NKF05F21.732",,"-","7320","Schuldendiensthilfen an den Bund","Schuldendiensth. an: Bund","Bund",
"NKF05F21.7321","NKF05F21.732",,"-","7321","Schuldendiensthilfen an das Land","Schuldendiensth. an: Land","Land",
"NKF05F21.7322","NKF05F21.732",,"-","7322","Schuldendiensthilfen an Gemeinden (GV)","Schuldendiensth. an: Gemeinden (GV)","Gemeinden",
"NKF05F21.7323","NKF05F21.732",,"-","7323","Schuldendiensthilfen an Zweckverbände und dgl.","Schuldendiensth. an: Zweckverb. u. dgl.","Zweckverbände",
"NKF05F21.7324","NKF05F21.732",,"-","7324","Schuldendiensthilfen an gesetzliche Sozialversicherungen","Schuldendiensth. an: gesetzl. SV","gesetzlichen Sozialversicherungen",
"NKF05F21.7325","NKF05F21.732",,"-","7325","Schuldendiensthilfen an verbundene Unternehmen","Schuldendiensth. an: verb. Untern.","verbundene Unternehmen",
"NKF05F21.7326","NKF05F21.732",,"-","7326","Schuldendiensthilfen an sonstige öffentliche Sonderrechnungen","Schuldendiensth. an: sonst. öfftl. Sonderrechn.","sonstiger öffentlicher Bereich",
"NKF05F21.7327","NKF05F21.732",,"-","7327","Schuldendiensthilfen an private Unternehmen","Schuldendiensth. an: priv. Untern.","private Unternehmen",
"NKF05F21.7328","NKF05F21.732",,"-","7328","Schuldendiensthilfen an übrige Bereiche","Schuldendiensth. an: übrige Bereiche","übriger Bereich",
"NKF05F21.7331","NKF05F21.733",,"-","7331","Sozial- / Jugendhilfe SGBXII,SGBVIII außerh. Einricht.","Sozial-/Jugendh. SGBXII,SGBVIII außerh. Einricht.",,
"NKF05F21.7332","NKF05F21.733",,"-","7332","Sozial- / Jugendhilfe SGB XII, SGB VIII in Einrichtung.","Sozial-/Jugendh. SGB XII, SGB VIII in Einrichtung.",,
"NKF05F21.7333","NKF05F21.733",,"-","7333","Leistungen f. Unterkunft/Heizung an Arbeitssuchende","Leistungen f. Unterkunft/Heizung an Arbeitsuchende",,
"NKF05F21.7334","NKF05F21.733",,"-","7334","Leistungen Eingliederung I an Arbeitssuchende","Leistungen zur Eingliederung I von Arbeitsuchenden",,
"NKF05F21.7335","NKF05F21.733",,"-","7335","Einmalige Leistungen an Arbeitssuchende","Einmalige Leistungen an Arbeitsuchende",,
"NKF05F21.7336","NKF05F21.733",,"-","7336","Arbeitslosengeld II","Arbeitslosengeld II",,
"NKF05F21.7337","NKF05F21.733",,"-","7337","Leistungen Eingliederung II an Arbeitssuchende","Leistungen zur Eingliederung II v. Arbeitsuchenden",,
"NKF05F21.7338","NKF05F21.733",,"-","7338","Leistungen für Bildung und Teilhabe","Leistungen für Bildung und Teilhabe",,
"NKF05F21.7339","NKF05F21.733",,"-","7339","Übrige sonstige soziale Leistungen","Sonstige soziale Leistungen",,
"NKF05F21.7341","NKF05F21.733",,"-","7341","Gewerbesteuerumlage","Gewerbesteuerumlage",,
"NKF05F21.7342","NKF05F21.733",,"-","7342","Finanzierungsbeteiligung Einheitslasten","Finanzierungsbeteiligung Einheitslasten",,
"NKF05F21.7351","NKF05F21.733",,"-","7351","Allgemeine Zuweisungen an das Land","Allgemeine Zuweisungen an das Land",,
"NKF05F21.7352","NKF05F21.733",,"-","7352","Allgemeine Zuweisungen an Gemeinden (GV)","Allgemeine Zuweisungen an Gemeinden (GV)",,
"NKF05F21.7371","NKF05F21.733",,"-","7371","Allgemeine Umlagen an das Land","Allgemeine Umlagen an das Land",,
"NKF05F21.7372","NKF05F21.733",,"-","7372","Allgemeine Umlagen an Gemeinden (GV)","Allgemeine Umlagen an Gemeinden (GV)",,
"NKF05F21.7373","NKF05F21.733",,"-","7373","Allgemeine Umlagen an Zweckverbände","Allgemeine Umlagen an Zweckverbände",,
"NKF05F21.7374","NKF05F21.733",,"-","7374","Kreisumlage allgemein","Kreisumlage allgemein",,
"NKF05F21.7375","NKF05F21.733",,"-","7375","Kreisumlage, Mehrbelastung Jugendamt","Kreisumlage, Mehrbelastung Jugendamt",,
"NKF05F21.7376","NKF05F21.733",,"-","7376","Kreisumlage, andere Mehrbelastung","Kreisumlage, andere Mehrbelastung",,
"NKF05F21.7377","NKF05F21.733",,"-","7377","Landschaftsumlage","Landschaftsumlage",,
"NKF05F21.7378","NKF05F21.733",,"-","7378","Verbandsumlage RVR","Verbandsumlage RVR",,
"NKF05F21.7379","NKF05F21.733",,"-","7379","Zweckverbandsumlage","Zweckverbandsumlage",,
"NKF05F21.7411","NKF05F21.741",,"-","7411","Sonstige Personal-/Versorgungsauszahlungen","Sonstige Personal- und Versorgungsauszahlungen",,
"NKF05F21.7412","NKF05F21.741",,"-","7412","Besondere zahlungswirksame Aufwendungen für Beschäftigte","Bes. zahlungswirksame Aufwend. f. Beschäftigte",,
"NKF05F21.7421","NKF05F21.741",,"-","7421","Auszahlungen für ehrenamtliche und sonstige Tätigkeit","Auszahlungen f. ehrenamtliche/sonstige Tätigkeit",,
"NKF05F21.7422","NKF05F21.741",,"-","7422","Mieten und Pachten","Mieten und Pachten",,
"NKF05F21.7423","NKF05F21.741",,"-","7423","Leasing","Leasing",,
"NKF05F21.7429","NKF05F21.741",,"-","7429","Sonstige Auszahlungen für Rechte und Dienste","Ausz. f. d. Inanspruchn. v. Rechten u. Diensten",,
"NKF05F21.7431","NKF05F21.741",,"-","7431","Geschäftsauszahlungen","Geschäftsauszahlungen",,
"NKF05F21.7441","NKF05F21.741",,"-","7441","Steuern, Versicherungen, Schadensfälle","Steuern, Versicherungen, Schadensfälle",,
"NKF05F21.7461","NKF05F21.741",,"-","7461","Leistungsbeteiligung Unterkunft/Heizung","Leistungsbeteiligung Unterkunft/Heizung",,
"NKF05F21.7462","NKF05F21.741",,"-","7462","Leistungsbeteiligung Eingliederung I","Leistungsbeteiligung Eingliederung I",,
"NKF05F21.7463","NKF05F21.741",,"-","7463","Leistungsbeteiligung einmalige Leistungen","Leistungsbeteiligung einmalige Leistungen",,
"NKF05F21.7468","NKF05F21.741",,"-","7468","Leistungsbeteiligung bei Teilhabeleistungen","Leistungsbeteiligung bei Teilhabeleistungen",,
"NKF05F21.7481","NKF05F21.741",,"-","7481","Bußgelder","Bußgelder",,
"NKF05F21.7482","NKF05F21.741",,"-","7482","Säumnis-, Verspätungszuschläge","Säumniszuschläge",,
"NKF05F21.7483","NKF05F21.741",,"-","7483","Inanspruchnahme Gewährverträge/Bürgschaften","Auszahl.Inanspruchn. Gewährverträgen/Bürgschaften",,
"NKF05F21.7491","NKF05F21.749",,"-","7491","Verfügungsmittel","Verfügungsmittel",,
"NKF05F21.7492","NKF05F21.749",,"-","7492","Fraktionszuwendungen","Fraktionszuwendungen",,
"NKF05F21.7499","NKF05F21.749",,"-","7499","Übrige weitere sonstige Auszahlungen","Übrige weitere sonstige Auszahlungen",,
"NKF05F21.7510","NKF05F21.751",,"-","7510","Zinsauszahlungen an den Bund","Zinsausz. an: Bund",,
"NKF05F21.7511","NKF05F21.751",,"-","7511","Zinsauszahlungen an das Land","Zinsausz. an: Land",,
"NKF05F21.7512","NKF05F21.751",,"-","7512","Zinsauszahlungen an Gemeinden (GV)","Zinsausz. an: Gemeinden (GV)",,
"NKF05F21.7513","NKF05F21.751",,"-","7513","Zinsauszahlungen an Zweckverbände und dgl.","Zinsausz. an: Zweckverb. u. dgl.",,
"NKF05F21.7514","NKF05F21.751",,"-","7514","Zinsauszahlungen an gesetzliche Sozialversicherungen","Zinsausz. an: gesetzl. SV",,
"NKF05F21.7515","NKF05F21.751",,"-","7515","Zinsauszahlungen an verbundene Unternehmen","Zinsausz. an: verb. Untern.",,
"NKF05F21.7516","NKF05F21.751",,"-","7516","Zinsauszahlungen an sonst. öffentl. Sonderrechnungen","Zinsausz. an: sonst. öfftl. Sonderrechn.",,
"NKF05F21.7517","NKF05F21.751",,"-","7517","Zinsauszahlungen an Kreditinsitute","Zinsausz. an: Kreditinstitute",,
"NKF05F21.7518","NKF05F21.751",,"-","7518","Zinsauszahlungen an sonstige inländische Bereiche","Zinsausz. an: sonst. inl. Bereiche",,
"NKF05F21.7519","NKF05F21.751",,"-","7519","Zinsauszahlungen an sonstige ausländische Bereiche","Zinsausz. an: sonst. ausl. Bereiche",,
"NKF05F21.7591","NKF05F21.759",,"-","7591","Kreditbeschaffungskosten","Kreditbeschaffungskosten",,
"NKF05F21.7599","NKF05F21.759",,"-","7599","Sonstige Finanzauszahlungen","Sonstige Finanzauszahlungen",,
"NKF05F22.7810","NKF05F22.781",,"-","7810","Zuweisungen für Investitionen an den Bund","Investitionszuw. an: Bund","Bund",
"NKF05F22.7811","NKF05F22.781",,"-","7811","Zuweisungen für Investitionen an das Land","Investitionszuw. an: Land","Land",
"NKF05F22.7812","NKF05F22.781",,"-","7812","Zuweisungen für Investitionen an Gemeinden (GV)","Investitionszuw. an: Gemeinden (GV)","Gemeinden",
"NKF05F22.7813","NKF05F22.781",,"-","7813","Zuweisungen für Investitionen an Zweckverbände und dgl.","Investitionszuw. an: Zweckverb. u. dgl.","Zweckverbände",
"NKF05F22.7814","NKF05F22.781",,"-","7814","Zuweisungen für Investitionen an gesetzliche Sozialversicherungen","Investitionszuw. an: gesetzl. SV","gesetzlichen Sozialversicherungen",
"NKF05F22.7815","NKF05F22.781",,"-","7815","Zuschüsse für Investitionen an verbundene Unternehmen","Investitionszuw. an: verb. Untern.","verbundene Unternehmen",
"NKF05F22.7816","NKF05F22.781",,"-","7816","Zuschüsse für Investitionen an sonstige öffentliche Sonderrechnungen","Investitionszuw. an: sonst. öfftl. Sonderrechn.","sonstiger öffentlicher Bereich",
"NKF05F22.7817","NKF05F22.781",,"-","7817","Zuschüsse für Investitionen an private Unternehmen","Investitionszuw. an: priv. Untern.","private Unternehmen",
"NKF05F22.7818","NKF05F22.781",,"-","7818","Zuschüsse für Investitionen an übrige Bereiche","Investitionszuw. an: übrige Bereiche","übriger Bereich",
"NKF05F22.7831","NKF05F22.783",,"-","7831","Erwerb von Vermögensgegenständen über 410 Euro","Erw. v. Vermögensgeg. oberh. Wertgrenze",,
"NKF05F22.7832","NKF05F22.783",,"-","7832","Erwerb von Vermögensgegenständen. unter 410 Euro","Erw. v. Vermögensgeg. unterh. Wertgrenze",,
"NKF05F22.7841","NKF05F22.784",,"-","7841","Erwerb von börsennotierten Aktien","Erwerb von börsennotierten Aktien",,
"NKF05F22.7842","NKF05F22.784",,"-","7842","Erwerb von nichtbörsennotierten Aktien","Erwerb von nichtbörsennotierten Aktien",,
"NKF05F22.7843","NKF05F22.784",,"-","7843","Erwerb von sonstigen Anteilsrechten","Erwerb von sonstigen Anteilsrechten",,
"NKF05F22.7844","NKF05F22.784",,"-","7844","Erwerb von Investmentzertifikaten","Erwerb von Investmentzertifikaten",,
"NKF05F22.7845","NKF05F22.784",,"-","7845","Erwerb von Kapitalmarktpapieren","Erwerb von Kapitalmarktpapieren",,
"NKF05F22.7846","NKF05F22.784",,"-","7846","Erwerb von Geldmarktpapieren","Erwerb von Geldmarktpapieren",,
"NKF05F22.7847","NKF05F22.784",,"-","7847","Erwerb von Finanzderivaten","Erwerb von Finanzderivaten",,
"NKF05F22.7848","NKF05F22.784",,"-","7848","Erwerb von sonstigen Finanzanlagen","Erwerb von sonstigen Finanzanlagen",,
"NKF05F22.7851","NKF05F22.785",,"-","7851","Auszahlungen für Hochbaumaßnahmen","Auszahlungen für Hochbaumaßnahmen",,
"NKF05F22.7852","NKF05F22.785",,"-","7852","Auszahlungen für Tiefbaumaßnahmen","Auszahlungen für Tiefbaumaßnahmen",,
"NKF05F22.7853","NKF05F22.785",,"-","7853","Auszahlungen für sonstige Baumaßnahmen","Auszahlungen für sonstige Baumaßnahmen",,
"NKF05F22.7860","NKF05F22.786",,"-","7860","Gewährung von Ausleihungen an den Bund","Gew. v. Ausleih. an: Bund","Bund",
"NKF05F22.7861","NKF05F22.786",,"-","7861","Gewährung von Ausleihungen an das Land","Gew. v. Ausleih. an: Land","Land",
"NKF05F22.7862","NKF05F22.786",,"-","7862","Gewährung von Ausleihungen an Gemeinden (GV)","Gew. v. Ausleih. an: Gemeinden (GV)","Gemeinden",
"NKF05F22.7863","NKF05F22.786",,"-","7863","Gewährung von Ausleihungen an Zweckverbände und dgl.","Gew. v. Ausleih. an: Zweckverb. u. dgl.","Zweckverbände",
"NKF05F22.7864","NKF05F22.786",,"-","7864","Gewährung von Ausleihungen an gesetzliche Sozialversicherungen","Gew. v. Ausleih. an: gesetzl. SV","gesetzlichen Sozialversicherungen",
"NKF05F22.7865","NKF05F22.786",,"-","7865","Gewährung von Ausleihungen an verbundene Unternehmen","Gew. v. Ausleih. an: verb. Untern.","verbundene Unternehmen",
"NKF05F22.7866","NKF05F22.786",,"-","7866","Gewährung von Ausleihungen an sonstige öffentliche Sonderrechnungen","Gew. v. Ausleih. an: sonst. öfftl. Sonderrechn.","sonstiger öffentlicher Bereich",
"NKF05F22.7867","NKF05F22.786",,"-","7867","Gewährung von Ausleihungen an Kreditinstitute","Gew. v. Ausleih. an: Kreditinstitute","Kreditinstitute",
"NKF05F22.7868","NKF05F22.786",,"-","7868","Gewährung von Ausleihungen an den sonst. inländischen Bereich","Gew. v. Ausleih. an: sonst. inl. Bereiche","sonst. Inländischer Bereich",
"NKF05F22.7869","NKF05F22.786",,"-","7869","Gewährung von Ausleihungen an den sonst. ausländischen Bereich","Gew. v. Ausl. an: sonst. ausl. Bereiche","sonst. ausländischer Bereich",
"NKF05F23.7919","NKF05F23.791",,"-","7919","Auszahlungen aus der Rückzahlung von Anleihen","Auszahlungen aus Anleihen",,
"NKF05F23.792","NKF05F23.791",,"-","792","Auszahlungen für die Tilgung von Krediten für Investitionen","Auszahlungen für die Tilgung von Krediten für Investitionen",,
"NKF05F23.795","NKF05F23.791",,"-","795","Gewährung von Darlehen (ohne Ausleihungen)","Gewährung von Darlehen (ohne Ausleihungen)",,
"NKF05F23.7920","NKF05F23.792",,"-","7920","Tilgung von Investitionskrediten an den Bund","Tilg. v. Investitionskrediten: Bund","Bund",
"NKF05F23.7921","NKF05F23.792",,"-","7921","Tilgung von Investitionskrediten an das Land","Tilg. v. Investitionskrediten: Land","Land",
"NKF05F23.7922","NKF05F23.792",,"-","7922","Tilgung von Investitionskrediten an Gemeinden (GV)","Tilg. v. Investitionskrediten: Gemeinden (GV)","Gemeinden",
"NKF05F23.7923","NKF05F23.792",,"-","7923","Tilgung von Investitionskrediten an Zweckverbände und dgl.","Tilg. v. Investitionskrediten: Zweckverb. u. dgl.","Zweckverbände",
"NKF05F23.7924","NKF05F23.792",,"-","7924","Tilgung von Investitionskrediten an gesetzliche Sozialversicherungen","Tilg. v. Investitionskrediten: gesetzl. SV","gesetzlichen Sozialversicherungen",
"NKF05F23.7925","NKF05F23.792",,"-","7925","Tilgung von Investitionskrediten an verbundene Unternehmen","Tilg. v. Investitionskrediten: verb. Untern.","verbundene Unternehmen",
"NKF05F23.7926","NKF05F23.792",,"-","7926","Tilgung von Investitionskrediten an sonstige öffentliche Sonderrechnungen","Tilg.v.Investitionskredit.:sonst.öfftl.Sonderrech.","sonstiger öffentlicher Bereich",
"NKF05F23.7927","NKF05F23.792",,"-","7927","Tilgung von Investitionskrediten an Kreditinstitute","Tilg. v. Investitionskrediten: Kreditinstitute","Kreditinstitute",
"NKF05F23.7928","NKF05F23.792",,"-","7928","Tilgung von Investitionskrediten an den sonstigen inländischen Bereich","Tilg. v. Investitionskrediten:sonst. inl. Bereiche","sonst. Inländischer Bereich",
"NKF05F23.7929","NKF05F23.792",,"-","7929","Tilgung von Investitionskrediten an den sonstigen ausländischen Bereich","Tilg. v. Investitionskrediten:sonst. ausl.Bereiche","sonst. ausländischer Bereich",
"NKF05F23.7930","NKF05F23.793",,"-","7930","Tilgung von Krediten zur Liquiditätssicherung an den Bund","Tilgung v. Kassenkrediten: Bund","Bund",
"NKF05F23.7931","NKF05F23.793",,"-","7931","Tilgung von Krediten zur Liquiditätssicherung an das Land","Tilgung v. Kassenkrediten: Land","Land",
"NKF05F23.7932","NKF05F23.793",,"-","7932","Tilgung von Krediten zur Liquiditätssicherung an Gemeinden (GV)","Tilgung v. Kassenkrediten: Gemeinden (GV)","Gemeinden",
"NKF05F23.7933","NKF05F23.793",,"-","7933","Tilgung von Krediten zur Liquiditätssicherung an Zweckverbände und dgl.","Tilgung v. Kassenkrediten: Zweckverb. u. dgl.","Zweckverbände",
"NKF05F23.7934","NKF05F23.793",,"-","7934","Tilgung von Krediten zur Liquiditätssicherung an gesetzliche Sozialversicherungen","Tilgung v. Kassenkrediten: gesetzl. SV","gesetzlichen Sozialversicherungen",
"NKF05F23.7935","NKF05F23.793",,"-","7935","Tilgung von Krediten zur Liquiditätssicherung an verbundene Unternehmen","Tilgung v. Kassenkrediten: verb. Untern.","verbundene Unternehmen",
"NKF05F23.7936","NKF05F23.793",,"-","7936","Tilgung von Krediten zur Liquiditätssicherung an sonst. öffentl. Sonderrechnungen","Tilgung v. Kassenkrediten:sonst. öfftl.Sonderrech.","sonstiger öffentlicher Bereich",
"NKF05F23.7937","NKF05F23.793",,"-","7937","Tilgung von Krediten zur Liquiditätssicherung an Kreditinstitute","Tilgung v. Kassenkrediten: Kreditinstitute","Kreditinstitute",
"NKF05F23.7938","NKF05F23.793",,"-","7938","Tilgung von Krediten zur Liquiditätssicherung an den sonst. inländischen Bereich","Tilgung v. Kassenkrediten: sonst. inl. Bereiche","sonst. Inländischer Bereich",
"NKF05F23.7939","NKF05F23.793",,"-","7939","Tilgung von Krediten zur Liquiditätssicherung an den sonst. ausländischen Bereich","Tilgung v. Kassenkrediten: sonst. ausl. Bereiche","sonst. ausländischer Bereich",
"NKF05F23.7949","NKF05F23.793",,"-","7949","Tilgung von sonstigen Wertpapierschulden","Tilgung v. sonstigen Wertpapierschulden",,
"NKF05F23.7950","NKF05F23.795",,"-","7950","Darlehensgewährungen (ohne Ausleihungen) an den Bund","Darlehensgew. (ohne Ausl.): Bund","Bund",
"NKF05F23.7951","NKF05F23.795",,"-","7951","Darlehensgewährungen (ohne Ausleihungen) an das Land","Darlehensgew. (ohne Ausl.): Land","Land",
"NKF05F23.7952","NKF05F23.795",,"-","7952","Darlehensgewährungen (ohne Ausleihungen) an Gemeinden (GV)","Darlehensgew. (ohne Ausl.): Gemeinden (GV)","Gemeinden",
"NKF05F23.7953","NKF05F23.795",,"-","7953","Darlehensgewährungen (ohne Ausleihungen) an Zweckverbände und dgl.","Darlehensgew. (ohne Ausl.): Zweckverb. u. dgl.","Zweckverbände",
"NKF05F23.7954","NKF05F23.795",,"-","7954","Darlehensgewährungen (ohne Ausleihungen) an gesetzliche Sozialversicherungen","Darlehensgew. (ohne Ausl.): gesetzl. SV","gesetzlichen Sozialversicherungen",
"NKF05F23.7955","NKF05F23.795",,"-","7955","Darlehensgewährungen (ohne Ausleihungen) an verbundene Unternehmen","Darlehensgew. (ohne Ausl.): verb. Untern.","verbundene Unternehmen",
"NKF05F23.7956","NKF05F23.795",,"-","7956","Darlehensgewährungen (ohne Ausleihungen) an sonstige öffentliche Sonderrechnungen","Darlehensgew. (ohne Ausl.):sonst.öfftl.Sonderrech.","sonstiger öffentlicher Bereich",
"NKF05F23.7957","NKF05F23.795",,"-","7957","Darlehensgewährungen (ohne Ausleihungen) an Kreditinstitute","Darlehensgew. (ohne Ausl.): Kreditinstitute","Kreditinstitute",
"NKF05F23.7958","NKF05F23.795",,"-","7958","Darlehensgewährungen (ohne Ausleihungen) an den sonst. inländischen Bereich","Darlehensgew. (ohne Ausl.): sonst. inl. Bereich","sonst. Inländischer Bereich",
"NKF05F23.7959","NKF05F23.795",,"-","7959","Darlehensgewährungen (ohne Ausleihungen) an den sonst. ausländischen Bereich","Darlehensgew. (ohne Ausl.): sonst. ausl. Bereich","sonst. ausländischer Bereich",
